Timestamp,Category,Business Name,Location,Contact Number,Google Maps URL,Pitch Text,Email
2026-10-02 12:47:48,Real Estate Agency,Speedy Real Estate Agency Hub,"Shop 105, Main Road, Nagpur, Maharashtra",+91 7869195249,https://maps.google.com/?q=Speedy+Real+Estate+Agency+Hub+Nagpur,Hello! Axiomate AI automates property inquiry follow-ups and brochure distribution on WhatsApp. Open to a chat?,support@speedyrealestateagencyhub.org
2026-10-02 12:47:50,Digital Marketing Agency,Divine Digital Marketing Agency Hub,"Shop 133, Main Road, Pune, Maharashtra",+91 7686946694,https://maps.google.com/?q=Divine+Digital+Marketing+Agency+Hub+Pune,Hello! Axiomate AI builds custom WhatsApp agents & voice bots for agencies. Open for a quick overview?,support@divinedigitalmarketingagencyhub.com
2026-10-02 12:47:52,Gym & Fitness Hub,Elegance Gym Hub,"Shop 101, Main Road, Mumbai, Maharashtra",+91 9329276112,https://maps.google.com/?q=Elegance+Gym+Hub+Mumbai,Hello! Boost your gym membership signups with automated WhatsApp appointment funnels. Open for a demo?,contact@elegancegymhub.co.in
2026-10-02 12:47:54,Dental Clinic,Metro Dental Clinic Center,"Shop 57, Main Road, Thane, Maharashtra",+91 7143378438,https://maps.google.com/?q=Metro+Dental+Clinic+Center+Thane,Hello! We help dental clinics get 20+ new patient bookings monthly using WhatsApp appointment funnels. Open for a demo?,care@metrodentalcliniccenter.co.in
2026-10-02 12:47:56,Skin & Hair Clinic,Apex Skin Center,"Shop 131, Main Road, Mumbai, Maharashtra",+91 8913267315,https://maps.google.com/?q=Apex+Skin+Center+Mumbai,Hi! We build automated consultation booking systems for skin & hair clinics. Can I share a quick demo link?,contact@apexskincenter.co.in
2026-10-02 12:47:59,Gym & Fitness Hub,Urban Gym Hub,"Shop 60, Main Road, Delhi, Maharashtra",+91 7208230084,https://maps.google.com/?q=Urban+Gym+Hub+Delhi,Hello! Boost your gym membership signups with automated WhatsApp appointment funnels. Open for a demo?,support@urbangymhub.in
2026-10-02 12:48:01,Real Estate Agency,Fit Real Estate Agency Hub,"Shop 99, Main Road, Delhi, Maharashtra",+91 9979854457,https://maps.google.com/?q=Fit+Real+Estate+Agency+Hub+Delhi,Hello! Axiomate AI automates property inquiry follow-ups and brochure distribution on WhatsApp. Open to a chat?,hello@fitrealestateagencyhub.co.in
2026-10-02 12:48:03,Real Estate Agency,Divine Real Estate Agency Hub,"Shop 1, Main Road, Pune, Maharashtra",+91 7566191907,https://maps.google.com/?q=Divine+Real+Estate+Agency+Hub+Pune,Hello! Axiomate AI automates property inquiry follow-ups and brochure distribution on WhatsApp. Open to a chat?,hello@divinerealestateagencyhub.net
2026-10-02 12:48:05,Interior Designer,Apex Interior Designer Hub,"Shop 58, Main Road, Navi Mumbai, Maharashtra",+91 9329894502,https://maps.google.com/?q=Apex+Interior+Designer+Hub+Navi Mumbai,Hello! We help interior design studios capture high-ticket client leads and automate follow-ups. Want to see a demo?,support@apexinteriordesignerhub.co.in
2026-10-02 12:48:07,Skin & Hair Clinic,Divine Skin Center,"Shop 87, Main Road, Bangalore, Maharashtra",+91 9423517521,https://maps.google.com/?q=Divine+Skin+Center+Bangalore,Hi! We build automated consultation booking systems for skin & hair clinics. Can I share a quick demo link?,support@divineskincenter.com
2026-10-02 12:48:09,Coaching Institute,Speedy Coaching Institute Hub,"Shop 112, Main Road, Delhi, Maharashtra",+91 7414863993,https://maps.google.com/?q=Speedy+Coaching+Institute+Hub+Delhi,Hello! Axiomate AI helps coaching institutes automate student lead follow-ups via WhatsApp 24/7. Interested in a demo?,info@speedycoachinginstitutehub.com
2026-10-02 12:48:11,Real Estate Agency,Aura Real Estate Agency Hub,"Shop 60, Main Road, Mumbai, Maharashtra",+91 9401780197,https://maps.google.com/?q=Aura+Real+Estate+Agency+Hub+Mumbai,Hello! Axiomate AI automates property inquiry follow-ups and brochure distribution on WhatsApp. Open to a chat?,contact@aurarealestateagencyhub.co.in
2026-10-02 12:48:13,Skin & Hair Clinic,Metro Skin Center,"Shop 86, Main Road, Delhi, Maharashtra",+91 8455496387,https://maps.google.com/?q=Metro+Skin+Center+Delhi,Hi! We build automated consultation booking systems for skin & hair clinics. Can I share a quick demo link?,care@metroskincenter.org
2026-10-02 12:48:15,Gym & Fitness Hub,Aura Gym Hub,"Shop 147, Main Road, Nagpur, Maharashtra",+91 7628166360,https://maps.google.com/?q=Aura+Gym+Hub+Nagpur,Hello! Boost your gym membership signups with automated WhatsApp appointment funnels. Open for a demo?,contact@auragymhub.net
2026-10-02 12:48:17,Digital Marketing Agency,Apex Digital Marketing Agency Hub,"Shop 80, Main Road, Mumbai, Maharashtra",+91 8719212754,https://maps.google.com/?q=Apex+Digital+Marketing+Agency+Hub+Mumbai,Hello! Axiomate AI builds custom WhatsApp agents & voice bots for agencies. Open for a quick overview?,contact@apexdigitalmarketingagencyhub.com
2026-10-02 12:48:19,Dental Clinic,Precision Dental Clinic Center,"Shop 122, Main Road, Nagpur, Maharashtra",+91 8614942231,https://maps.google.com/?q=Precision+Dental+Clinic+Center+Nagpur,Hello! We help dental clinics get 20+ new patient bookings monthly using WhatsApp appointment funnels. Open for a demo?,admin@precisiondentalcliniccenter.net
2026-10-02 12:48:21,Interior Designer,Elegance Interior Designer Hub,"Shop 70, Main Road, Mumbai, Maharashtra",+91 8836576100,https://maps.google.com/?q=Elegance+Interior+Designer+Hub+Mumbai,Hello! We help interior design studios capture high-ticket client leads and automate follow-ups. Want to see a demo?,care@eleganceinteriordesignerhub.co.in
2026-10-02 12:48:23,Auto Modification Studio,Speedy Auto Modification Center,"Shop 61, Main Road, Delhi, Maharashtra",+91 8973131217,https://maps.google.com/?q=Speedy+Auto+Modification+Center+Delhi,Hello! Axiomate AI provides automated booking systems for auto modification centers. Would you like to check a demo?,hello@speedyautomodificationcenter.in
2026-10-02 12:48:25,Skin & Hair Clinic,Care Skin Center,"Shop 100, Main Road, Thane, Maharashtra",+91 8710145660,https://maps.google.com/?q=Care+Skin+Center+Thane,Hi! We build automated consultation booking systems for skin & hair clinics. Can I share a quick demo link?,care@careskincenter.net
2026-10-02 12:48:26,Interior Designer,Apex Interior Designer Hub,"Shop 129, Main Road, Bangalore, Maharashtra",+91 9256088800,https://maps.google.com/?q=Apex+Interior+Designer+Hub+Bangalore,Hello! We help interior design studios capture high-ticket client leads and automate follow-ups. Want to see a demo?,info@apexinteriordesignerhub.com
